[
  {
    "id": "93388da4-a8b9-4f59-a031-8c40f4144fcb",
    "data": [
      {
        "text": "あなたの",
        "userDefined": false
      },
      {
        "text": "年",
        "meta": "@sys.ignore",
        "userDefined": false
      },
      {
        "text": "齢を教えて",
        "userDefined": false
      }
    ],
    "isTemplate": false,
    "count": 0,
    "updated": 0
  },
  {
    "id": "ec165c0f-5ad3-47bb-95d4-f090fadc01fe",
    "data": [
      {
        "text": "満",
        "userDefined": false
      },
      {
        "text": "月",
        "meta": "@sys.ignore",
        "userDefined": false
      },
      {
        "text": "博士の",
        "userDefined": false
      },
      {
        "text": "年",
        "meta": "@sys.ignore",
        "userDefined": false
      },
      {
        "text": "齢は",
        "userDefined": false
      }
    ],
    "isTemplate": false,
    "count": 0,
    "updated": 0
  },
  {
    "id": "698be643-2703-4618-bbed-7f9c26c85d47",
    "data": [
      {
        "text": "年",
        "meta": "@sys.ignore",
        "userDefined": false
      },
      {
        "text": "齢は",
        "userDefined": false
      }
    ],
    "isTemplate": false,
    "count": 0
  },
  {
    "id": "74339315-47bb-4b2a-a73d-90b875020ef4",
    "data": [
      {
        "text": "何歳？",
        "userDefined": false
      }
    ],
    "isTemplate": false,
    "count": 0,
    "updated": 0
  },
  {
    "id": "3c7adf67-be5f-41a0-acbd-ef0074788c32",
    "data": [
      {
        "text": "博士は今何歳？",
        "userDefined": false
      }
    ],
    "isTemplate": false,
    "count": 0,
    "updated": 0
  },
  {
    "id": "e1990bb7-f38a-4056-8054-ef4aac44333e",
    "data": [
      {
        "text": "博士はいくつ？",
        "userDefined": false
      }
    ],
    "isTemplate": false,
    "count": 0,
    "updated": 0
  },
  {
    "id": "0b7bc6d0-6007-45b6-9d65-17beb53185ee",
    "data": [
      {
        "text": "年",
        "meta": "@sys.ignore",
        "userDefined": false
      },
      {
        "text": "齢はいくつある",
        "userDefined": false
      }
    ],
    "isTemplate": false,
    "count": 0,
    "updated": 0
  },
  {
    "id": "edbaea52-e08c-4feb-b2ea-132b23201c8a",
    "data": [
      {
        "text": "何歳",
        "userDefined": false
      }
    ],
    "isTemplate": false,
    "count": 0,
    "updated": 0
  },
  {
    "id": "0723db59-f8ef-4d9b-a0c7-70eddc4387b7",
    "data": [
      {
        "text": "何歳 じゃ",
        "userDefined": false
      }
    ],
    "isTemplate": false,
    "count": 0,
    "updated": 0
  }
]