[
  {
    "id": "32de829c-854c-4598-8d2f-1e71aeca0f25",
    "data": [
      {
        "text": "おーい",
        "userDefined": false
      }
    ],
    "isTemplate": false,
    "count": 0,
    "updated": 0
  },
  {
    "id": "408045c7-c817-433b-989e-7dc3d17238b8",
    "data": [
      {
        "text": "おーい",
        "userDefined": false
      }
    ],
    "isTemplate": false,
    "count": 0,
    "updated": 0
  },
  {
    "id": "1c4a1bb3-7b31-40bd-9b29-67b4d8344cad",
    "data": [
      {
        "text": "有馬",
        "userDefined": false
      }
    ],
    "isTemplate": false,
    "count": 0,
    "updated": 0
  },
  {
    "id": "74e3dde5-91e8-418d-8467-fb3a7f671b2f",
    "data": [
      {
        "text": "教えてくれてありがとう",
        "userDefined": false
      }
    ],
    "isTemplate": false,
    "count": 0,
    "updated": 0
  },
  {
    "id": "407cdf60-3fbb-4478-bb18-8c207ca8dc38",
    "data": [
      {
        "text": "聞きます",
        "userDefined": false
      }
    ],
    "isTemplate": false,
    "count": 0,
    "updated": 0
  },
  {
    "id": "cde03288-5904-44f7-80c2-4d8413583537",
    "data": [
      {
        "text": "教えて",
        "userDefined": false
      }
    ],
    "isTemplate": false,
    "count": 0,
    "updated": 0
  },
  {
    "id": "5282200e-9bcf-4c8e-85c3-eb51bb30fe2d",
    "data": [
      {
        "text": "教えて",
        "userDefined": false
      }
    ],
    "isTemplate": false,
    "count": 0,
    "updated": 0
  },
  {
    "id": "fc53fba8-2137-4e76-a1cd-24b4a636d6a7",
    "data": [
      {
        "text": "はい",
        "userDefined": false
      }
    ],
    "isTemplate": false,
    "count": 0
  },
  {
    "id": "bec83f6b-2519-43e2-b97d-1bf9417e3b4f",
    "data": [
      {
        "text": "はい あります",
        "userDefined": false
      }
    ],
    "isTemplate": false,
    "count": 0,
    "updated": 0
  }
]