[
  {
    "id": "8cf2ddfe-9d9b-403e-a820-e85bf8367f0d",
    "data": [
      {
        "text": "月の表面ってどうなってんの",
        "userDefined": false
      }
    ],
    "isTemplate": false,
    "count": 0,
    "updated": 0
  },
  {
    "id": "57e23884-7cc8-4fae-9950-07233f50fc42",
    "data": [
      {
        "text": "月",
        "meta": "@sys.ignore",
        "userDefined": false
      },
      {
        "text": "は 何で凸凹なの",
        "userDefined": false
      }
    ],
    "isTemplate": false,
    "count": 0,
    "updated": 0
  },
  {
    "id": "1e809724-d683-442b-9d50-7263d92bf694",
    "data": [
      {
        "text": "月のクレーターってどうやってできたの",
        "userDefined": false
      }
    ],
    "isTemplate": false,
    "count": 0,
    "updated": 0
  }
]