[
  {
    "id": "891e5b2f-5ab8-45c9-998f-462607a21f3a",
    "data": [
      {
        "text": "あなたの名前は",
        "userDefined": false
      }
    ],
    "isTemplate": false,
    "count": 0,
    "updated": 0
  },
  {
    "id": "4893ad15-7e8f-46c3-8326-8eb9fc25337e",
    "data": [
      {
        "text": "満月博士につないで",
        "userDefined": false
      }
    ],
    "isTemplate": false,
    "count": 0,
    "updated": 0
  },
  {
    "id": "ed90e533-b7dc-460b-ad9a-32acace6e7a1",
    "data": [
      {
        "text": "満",
        "userDefined": false
      },
      {
        "text": "月",
        "meta": "@sys.ignore",
        "userDefined": false
      },
      {
        "text": "博士",
        "userDefined": false
      }
    ],
    "isTemplate": false,
    "count": 0
  },
  {
    "id": "56dfce68-b231-4cb1-9d45-84dcc1a82f0a",
    "data": [
      {
        "text": "満",
        "userDefined": false
      },
      {
        "text": "月",
        "meta": "@sys.ignore",
        "userDefined": false
      },
      {
        "text": "博士と話したい",
        "userDefined": false
      }
    ],
    "isTemplate": false,
    "count": 0
  }
]