[
  {
    "id": "d0fd89d7-d4dd-4486-afff-ceb6cbaf0655",
    "data": [
      {
        "text": "月",
        "meta": "@sys.ignore",
        "userDefined": false
      },
      {
        "text": "まで何メートル",
        "userDefined": false
      }
    ],
    "isTemplate": false,
    "count": 0,
    "updated": 0
  },
  {
    "id": "b5fa2a43-b88d-460a-8e39-5794d5acb4dc",
    "data": [
      {
        "text": "月",
        "meta": "@sys.ignore",
        "userDefined": false
      },
      {
        "text": "まで何 km",
        "userDefined": false
      }
    ],
    "isTemplate": false,
    "count": 0,
    "updated": 0
  },
  {
    "id": "1bb16708-daaf-4fb3-8ce1-5e5d3b8f57a1",
    "data": [
      {
        "text": "地球からどのくらい離れているの",
        "userDefined": false
      }
    ],
    "isTemplate": false,
    "count": 0,
    "updated": 0
  },
  {
    "id": "f73cacf7-0c75-40c6-a2e3-5c412785ba39",
    "data": [
      {
        "text": "満",
        "userDefined": false
      },
      {
        "text": "月",
        "meta": "@sys.ignore",
        "userDefined": false
      },
      {
        "text": "の距離",
        "userDefined": false
      }
    ],
    "isTemplate": false,
    "count": 0,
    "updated": 0
  },
  {
    "id": "aea8a5ab-a5a6-402a-a53f-ec1c80e06b0d",
    "data": [
      {
        "text": "月",
        "meta": "@sys.ignore",
        "userDefined": false
      },
      {
        "text": "との距離",
        "userDefined": false
      }
    ],
    "isTemplate": false,
    "count": 0
  },
  {
    "id": "5682d09e-e82f-4e1f-b408-e9f4eec516fd",
    "data": [
      {
        "text": "月の距離",
        "userDefined": false
      }
    ],
    "isTemplate": false,
    "count": 0,
    "updated": 0
  }
]