[
  {
    "id": "2603cd70-4f63-45b8-b33e-9109704d1dc9",
    "data": [
      {
        "text": "1月2日",
        "alias": "date",
        "meta": "@sys.date",
        "userDefined": false
      },
      {
        "text": "なんだ",
        "userDefined": false
      }
    ],
    "isTemplate": false,
    "count": 0
  },
  {
    "id": "457bf10d-1e20-4acb-95b6-8afbec6c754c",
    "data": [
      {
        "text": "おー すごい ",
        "userDefined": false
      },
      {
        "text": "1月2日",
        "alias": "date",
        "meta": "@sys.date",
        "userDefined": true
      },
      {
        "text": "なんだ",
        "userDefined": false
      }
    ],
    "isTemplate": false,
    "count": 0,
    "updated": 0
  }
]