[
  {
    "id": "fb7557e1-ccf2-4f63-953b-dfbca75ea3dd",
    "data": [
      {
        "text": "こんばんは",
        "userDefined": false
      }
    ],
    "isTemplate": false,
    "count": 0,
    "updated": 0
  },
  {
    "id": "b1b72a60-c9a6-4a86-b78a-2ce8f34dd1fc",
    "data": [
      {
        "text": "おはよう",
        "userDefined": false
      }
    ],
    "isTemplate": false,
    "count": 0,
    "updated": 0
  },
  {
    "id": "99d74c7d-4e6c-40c2-8a02-05481b4c7792",
    "data": [
      {
        "text": "おはよう",
        "userDefined": false
      }
    ],
    "isTemplate": false,
    "count": 0,
    "updated": 0
  },
  {
    "id": "1601dacd-2775-41b8-bf81-f6faba455480",
    "data": [
      {
        "text": "こんにちは",
        "userDefined": false
      }
    ],
    "isTemplate": false,
    "count": 0,
    "updated": 0
  },
  {
    "id": "cb826ebc-b3b6-47f8-b363-164fdb4d4b3d",
    "data": [
      {
        "text": "こんにちは",
        "userDefined": false
      }
    ],
    "isTemplate": false,
    "count": 0,
    "updated": 1513232811
  }
]