[
  {
    "id": "603a3d64-857d-4cbf-b3ce-7ae56c5c4530",
    "data": [
      {
        "text": "他のこと教えて",
        "userDefined": false
      }
    ],
    "isTemplate": false,
    "count": 0,
    "updated": 0
  },
  {
    "id": "e630439f-2a59-4b8b-9c06-62396a65db8b",
    "data": [
      {
        "text": "だから何ですか",
        "userDefined": false
      }
    ],
    "isTemplate": false,
    "count": 0,
    "updated": 0
  },
  {
    "id": "4c40ccf2-1c66-4311-b419-1d406b388a14",
    "data": [
      {
        "text": "なんじゃこれ",
        "userDefined": false
      }
    ],
    "isTemplate": false,
    "count": 0,
    "updated": 0
  },
  {
    "id": "3f1bbea5-997e-46d2-95c0-1cfe36779a29",
    "data": [
      {
        "text": "他に何か教えて",
        "userDefined": false
      }
    ],
    "isTemplate": false,
    "count": 0,
    "updated": 0
  },
  {
    "id": "e3650a6e-747d-4fcc-8c71-fe700c54a0c4",
    "data": [
      {
        "text": "知りたい",
        "userDefined": false
      }
    ],
    "isTemplate": false,
    "count": 0,
    "updated": 0
  },
  {
    "id": "840fad32-5b27-40a2-bae0-367e8543fe5c",
    "data": [
      {
        "text": "知りたいよ",
        "userDefined": false
      }
    ],
    "isTemplate": false,
    "count": 0,
    "updated": 0
  },
  {
    "id": "891ccc31-a844-45f8-946f-1a4d4ce38632",
    "data": [
      {
        "text": "ヘルプ",
        "userDefined": false
      }
    ],
    "isTemplate": false,
    "count": 0,
    "updated": 0
  },
  {
    "id": "fcb5ae05-3a2d-486a-9a28-75221194a1b1",
    "data": [
      {
        "text": "詳しく",
        "userDefined": false
      }
    ],
    "isTemplate": false,
    "count": 0,
    "updated": 0
  },
  {
    "id": "989aa147-c6cd-4bff-9877-a342f5957810",
    "data": [
      {
        "text": "何を教えてくれる",
        "userDefined": false
      }
    ],
    "isTemplate": false,
    "count": 0,
    "updated": 0
  },
  {
    "id": "69b44f55-73a9-42eb-ba3f-fbf18a527dec",
    "data": [
      {
        "text": "満月博士とは何ができるの",
        "userDefined": false
      }
    ],
    "isTemplate": false,
    "count": 0,
    "updated": 0
  }
]