[
  {
    "id": "2007c50e-59f6-42ae-b2f7-bb3794893be3",
    "data": [
      {
        "text": "好きな食べ物",
        "userDefined": false
      }
    ],
    "isTemplate": false,
    "count": 0,
    "updated": 0
  },
  {
    "id": "7023f581-5fd5-4260-8de4-3c0e818400c8",
    "data": [
      {
        "text": "好きな車は？",
        "userDefined": false
      }
    ],
    "isTemplate": false,
    "count": 0,
    "updated": 0
  },
  {
    "id": "9a8f3a2e-a7d6-4976-8f58-418260c72139",
    "data": [
      {
        "text": "何が好き？",
        "userDefined": false
      }
    ],
    "isTemplate": false,
    "count": 0,
    "updated": 0
  },
  {
    "id": "0d6f6891-c469-4b19-b525-7b9f1a2d4868",
    "data": [
      {
        "text": "何が好き？",
        "userDefined": false
      }
    ],
    "isTemplate": false,
    "count": 0,
    "updated": 0
  },
  {
    "id": "0c679890-cf3c-42dc-96a4-258bef81700a",
    "data": [
      {
        "text": "何が好き？",
        "userDefined": false
      }
    ],
    "isTemplate": false,
    "count": 0,
    "updated": 0
  },
  {
    "id": "4592e74b-49be-4ced-8ea5-0def2c20eec7",
    "data": [
      {
        "text": "何が好き？",
        "userDefined": false
      }
    ],
    "isTemplate": false,
    "count": 0,
    "updated": 0
  },
  {
    "id": "eaa0cd82-abed-45c0-a1e1-300191bf11cc",
    "data": [
      {
        "text": "趣味は",
        "userDefined": false
      }
    ],
    "isTemplate": false,
    "count": 0,
    "updated": 0
  }
]