[
  {
    "id": "f3961a20-e317-4208-947c-c0d2824be656",
    "data": [
      {
        "text": "月",
        "meta": "@sys.ignore",
        "userDefined": false
      },
      {
        "text": "に宇宙人はいる",
        "userDefined": false
      }
    ],
    "isTemplate": false,
    "count": 0,
    "updated": 0
  },
  {
    "id": "2854a3ac-ee8b-4044-b8c9-5a43d9de5fb8",
    "data": [
      {
        "text": "月",
        "meta": "@sys.ignore",
        "userDefined": false
      },
      {
        "text": "に宇宙人は住んでいますか",
        "userDefined": false
      }
    ],
    "isTemplate": false,
    "count": 0,
    "updated": 0
  },
  {
    "id": "c94289ed-368b-427f-9085-2c6e2261dd2c",
    "data": [
      {
        "text": "人が住んでますか",
        "userDefined": false
      }
    ],
    "isTemplate": false,
    "count": 0,
    "updated": 0
  }
]