[
  {
    "id": "a1e953dc-2ff4-4907-ac27-3f79fba70492",
    "data": [
      {
        "text": "うさぎを食べるんですか",
        "userDefined": false
      }
    ],
    "isTemplate": false,
    "count": 0,
    "updated": 0
  },
  {
    "id": "862a8746-2b9d-4f0b-aa66-c1bb3cd15897",
    "data": [
      {
        "text": "好きではうさぎが餅をついてるの",
        "userDefined": false
      }
    ],
    "isTemplate": false,
    "count": 0,
    "updated": 0
  },
  {
    "id": "cb937225-f981-4c89-a423-87e008d6f2e2",
    "data": [
      {
        "text": "月",
        "meta": "@sys.ignore",
        "userDefined": false
      },
      {
        "text": "にうさぎって住んでんの",
        "userDefined": false
      }
    ],
    "isTemplate": false,
    "count": 0,
    "updated": 0
  },
  {
    "id": "a349a4df-dc3f-420c-a9a3-d5ddbfbce309",
    "data": [
      {
        "text": "うさぎ いるの",
        "userDefined": false
      }
    ],
    "isTemplate": false,
    "count": 0,
    "updated": 0
  }
]