[
  {
    "id": "2972454f-0bd7-47cd-8f52-682c9e8bd691",
    "data": [
      {
        "text": "月",
        "meta": "@sys.ignore",
        "userDefined": false
      },
      {
        "text": "の質量",
        "userDefined": false
      }
    ],
    "isTemplate": false,
    "count": 0,
    "updated": 0
  },
  {
    "id": "55dc3017-506a-4f26-a980-285cd14bd211",
    "data": [
      {
        "text": "じゃあ 月の重さは",
        "userDefined": false
      }
    ],
    "isTemplate": false,
    "count": 0,
    "updated": 0
  },
  {
    "id": "14eb854b-de02-4ab7-84cb-d87e14ee2ff5",
    "data": [
      {
        "text": "月の重さは",
        "userDefined": false
      }
    ],
    "isTemplate": false,
    "count": 0,
    "updated": 0
  }
]