[
  {
    "id": "0f16fed3-066e-4045-a546-43b811a4daff",
    "data": [
      {
        "text": "満",
        "userDefined": false
      },
      {
        "text": "月",
        "meta": "@sys.ignore",
        "userDefined": false
      },
      {
        "text": "だけなの",
        "userDefined": false
      }
    ],
    "isTemplate": false,
    "count": 0,
    "updated": 0
  },
  {
    "id": "84e97e0d-a8b2-4dc3-b67a-5d96f65ecc67",
    "data": [
      {
        "text": "満",
        "userDefined": false
      },
      {
        "text": "月",
        "meta": "@sys.ignore",
        "userDefined": false
      },
      {
        "text": "しかわからないの",
        "userDefined": false
      }
    ],
    "isTemplate": false,
    "count": 0,
    "updated": 0
  },
  {
    "id": "df607d99-8769-458c-9957-c9e652f13d77",
    "data": [
      {
        "text": "次の新",
        "userDefined": false
      },
      {
        "text": "月",
        "meta": "@sys.ignore",
        "userDefined": false
      }
    ],
    "isTemplate": false,
    "count": 0,
    "updated": 0
  },
  {
    "id": "85896fb4-3ab7-45cb-bf3d-35e33354517b",
    "data": [
      {
        "text": "新",
        "userDefined": false
      },
      {
        "text": "月",
        "meta": "@sys.ignore",
        "userDefined": false
      }
    ],
    "isTemplate": false,
    "count": 0,
    "updated": 0
  },
  {
    "id": "1a4e921c-0180-447f-b465-df2f1363a5a8",
    "data": [
      {
        "text": "次の新",
        "userDefined": false
      },
      {
        "text": "月",
        "meta": "@sys.ignore",
        "userDefined": false
      }
    ],
    "isTemplate": false,
    "count": 0,
    "updated": 0
  },
  {
    "id": "f8b5620b-f9b6-4e69-9321-0f0b4aacee35",
    "data": [
      {
        "text": "次の新月",
        "userDefined": false
      }
    ],
    "isTemplate": false,
    "count": 0,
    "updated": 0
  }
]