[
  {
    "id": "9dafc339-ec98-4db6-96e9-aff68ca3b429",
    "data": [
      {
        "text": "三日月になるのはいつ",
        "userDefined": false
      }
    ],
    "isTemplate": false,
    "count": 0,
    "updated": 0
  },
  {
    "id": "0124825f-a837-4887-bd53-9a6dd5374085",
    "data": [
      {
        "text": "三日月になる日はいつなの",
        "userDefined": false
      }
    ],
    "isTemplate": false,
    "count": 0,
    "updated": 0
  },
  {
    "id": "021e845b-4c66-4570-a47e-06911a0367d2",
    "data": [
      {
        "text": "三",
        "meta": "@sys.ignore",
        "userDefined": false
      },
      {
        "text": "ヶ月",
        "meta": "@sys.ignore",
        "userDefined": false
      }
    ],
    "isTemplate": false,
    "count": 0,
    "updated": 0
  },
  {
    "id": "a1a62e2e-8a34-4a1d-a408-6e13e2e4963e",
    "data": [
      {
        "text": "三日",
        "meta": "@sys.ignore",
        "userDefined": false
      },
      {
        "text": "月",
        "meta": "@sys.ignore",
        "userDefined": false
      },
      {
        "text": "はいつ",
        "userDefined": false
      }
    ],
    "isTemplate": false,
    "count": 0,
    "updated": 0
  },
  {
    "id": "4bf32974-64dc-4b78-b0f1-ee895fe709e9",
    "data": [
      {
        "text": "次の三日月",
        "userDefined": false
      }
    ],
    "isTemplate": false,
    "count": 0,
    "updated": 0
  }
]