[
  {
    "id": "bba5b2dd-0709-435a-95bd-eaaae102af40",
    "data": [
      {
        "text": "次の次",
        "userDefined": false
      }
    ],
    "isTemplate": false,
    "count": 0,
    "updated": 0
  },
  {
    "id": "e7f47dda-5bf1-473e-a583-88d16284d733",
    "data": [
      {
        "text": "2018年1月2日の次の満月は",
        "userDefined": false
      }
    ],
    "isTemplate": false,
    "count": 0,
    "updated": 0
  },
  {
    "id": "ab2267e7-d3e6-4358-ba4f-943384cf44fd",
    "data": [
      {
        "text": "じゃあ次は",
        "userDefined": false
      }
    ],
    "isTemplate": false,
    "count": 0,
    "updated": 0
  },
  {
    "id": "8afe757c-1719-404e-b608-443ef66f624e",
    "data": [
      {
        "text": "次の満",
        "userDefined": false
      },
      {
        "text": "月",
        "meta": "@sys.ignore",
        "userDefined": false
      },
      {
        "text": "は",
        "userDefined": false
      }
    ],
    "isTemplate": false,
    "count": 0,
    "updated": 0
  },
  {
    "id": "f5bc3c3d-9db3-4821-9dc6-02b233233686",
    "data": [
      {
        "text": "次は",
        "userDefined": false
      }
    ],
    "isTemplate": false,
    "count": 0,
    "updated": 0
  },
  {
    "id": "fac905be-b438-4322-a5d1-3ce0b65e5784",
    "data": [
      {
        "text": "2日の次は",
        "userDefined": false
      }
    ],
    "isTemplate": false,
    "count": 0,
    "updated": 0
  },
  {
    "id": "aa5e1daa-b7ce-4701-b46d-7d3597ff77b9",
    "data": [
      {
        "text": "その次の満月はいつ",
        "userDefined": false
      }
    ],
    "isTemplate": false,
    "count": 0,
    "updated": 0
  },
  {
    "id": "3bf902ae-5341-4862-beec-2806d1708cdd",
    "data": [
      {
        "text": "その次は",
        "userDefined": false
      }
    ],
    "isTemplate": false,
    "count": 0,
    "updated": 0
  },
  {
    "id": "54a875cf-df4b-4705-a31d-949c96d6b47f",
    "data": [
      {
        "text": "その次は",
        "userDefined": false
      }
    ],
    "isTemplate": false,
    "count": 0,
    "updated": 0
  },
  {
    "id": "2cfe712a-f8db-4d84-b3ad-f7366bcfa125",
    "data": [
      {
        "text": "その次は",
        "userDefined": false
      }
    ],
    "isTemplate": false,
    "count": 0
  },
  {
    "id": "7f0dc3a5-3b87-4b87-bc17-45b372ddb51d",
    "data": [
      {
        "text": "1月2日の",
        "meta": "@sys.ignore",
        "userDefined": false
      },
      {
        "text": "次の満",
        "userDefined": false
      },
      {
        "text": "月",
        "meta": "@sys.ignore",
        "userDefined": false
      },
      {
        "text": "は",
        "userDefined": false
      }
    ],
    "isTemplate": false,
    "count": 0,
    "updated": 0
  },
  {
    "id": "34202bc1-988a-4733-bf19-e9662541af38",
    "data": [
      {
        "text": "その次の満月は",
        "userDefined": false
      }
    ],
    "isTemplate": false,
    "count": 0,
    "updated": 0
  }
]