[
  {
    "id": "4fff68c8-9314-4b11-9a1c-e83a24cb131c",
    "data": [
      {
        "text": "日本で何",
        "userDefined": false
      },
      {
        "text": "月",
        "meta": "@sys.ignore",
        "userDefined": false
      },
      {
        "text": "が",
        "userDefined": false
      },
      {
        "text": "一番",
        "meta": "@sys.ignore",
        "userDefined": false
      },
      {
        "text": "綺麗に見れる場所は",
        "userDefined": false
      }
    ],
    "isTemplate": false,
    "count": 0,
    "updated": 0
  },
  {
    "id": "e3bf0864-da99-402d-8714-7d89c271ce50",
    "data": [
      {
        "text": "日本で何月が一番綺麗に見れる場所は",
        "userDefined": false
      }
    ],
    "isTemplate": false,
    "count": 0,
    "updated": 0
  }
]