[
  {
    "id": "78230137-6f9d-4938-b3c3-921e22f864b0",
    "data": [
      {
        "text": "頭いいね",
        "userDefined": false
      }
    ],
    "isTemplate": false,
    "count": 0,
    "updated": 0
  },
  {
    "id": "7f5195ab-60d3-46e6-b32b-8eb97373bc77",
    "data": [
      {
        "text": "マーベラス",
        "userDefined": false
      }
    ],
    "isTemplate": false,
    "count": 0,
    "updated": 0
  },
  {
    "id": "c801e7a2-4a05-4a39-9915-bb2523e5b3a5",
    "data": [
      {
        "text": "すごいね",
        "userDefined": false
      }
    ],
    "isTemplate": false,
    "count": 0,
    "updated": 0
  },
  {
    "id": "35d0d38b-23c2-49fa-abf5-5b3e2b725786",
    "data": [
      {
        "text": "すごいね",
        "userDefined": false
      }
    ],
    "isTemplate": false,
    "count": 0,
    "updated": 0
  }
]