[
  {
    "id": "105ba1f7-f2ab-4af2-9551-09142550ad81",
    "data": [
      {
        "text": "前回の満",
        "userDefined": false
      },
      {
        "text": "月",
        "meta": "@sys.ignore",
        "userDefined": false
      }
    ],
    "isTemplate": false,
    "count": 0,
    "updated": 0
  },
  {
    "id": "3e37b01d-39d6-407a-b6f4-be7a1128b591",
    "data": [
      {
        "text": "その前の満",
        "userDefined": false
      },
      {
        "text": "月",
        "meta": "@sys.ignore",
        "userDefined": false
      },
      {
        "text": "はいつ",
        "userDefined": false
      }
    ],
    "isTemplate": false,
    "count": 0,
    "updated": 0
  },
  {
    "id": "0e48d0de-33d5-45da-8da1-63b88687e67e",
    "data": [
      {
        "text": "この前の 満月",
        "userDefined": false
      }
    ],
    "isTemplate": false,
    "count": 0,
    "updated": 0
  },
  {
    "id": "c40f1e33-d319-45af-9d98-6fc957f17bfb",
    "data": [
      {
        "text": "この間の満",
        "userDefined": false
      },
      {
        "text": "月",
        "meta": "@sys.ignore",
        "userDefined": false
      },
      {
        "text": "は",
        "userDefined": false
      }
    ],
    "isTemplate": false,
    "count": 0,
    "updated": 0
  },
  {
    "id": "0169e10f-50bb-43f3-ab05-5c30eddf7840",
    "data": [
      {
        "text": "この間の満",
        "userDefined": false
      },
      {
        "text": "月",
        "meta": "@sys.ignore",
        "userDefined": false
      },
      {
        "text": "は",
        "userDefined": false
      }
    ],
    "isTemplate": false,
    "count": 0,
    "updated": 0
  },
  {
    "id": "3b5a8ab7-3cfa-46c5-9a67-0fe58f4656a1",
    "data": [
      {
        "text": "一個前の満月",
        "userDefined": false
      }
    ],
    "isTemplate": false,
    "count": 0,
    "updated": 0
  },
  {
    "id": "09d7ce79-a508-46c6-9b7f-658d9c32c315",
    "data": [
      {
        "text": "前の満",
        "userDefined": false
      },
      {
        "text": "月",
        "meta": "@sys.ignore",
        "userDefined": false
      }
    ],
    "isTemplate": false,
    "count": 0
  },
  {
    "id": "b8b49529-43eb-478e-8964-1ee5a368e5c6",
    "data": [
      {
        "text": "前の満",
        "userDefined": false
      },
      {
        "text": "月",
        "meta": "@sys.ignore",
        "userDefined": false
      },
      {
        "text": "は",
        "userDefined": false
      }
    ],
    "isTemplate": false,
    "count": 0
  },
  {
    "id": "ba5b2dd3-4955-4b13-9a84-96288aac6b5b",
    "data": [
      {
        "text": "一個前の満月",
        "userDefined": false
      }
    ],
    "isTemplate": false,
    "count": 0,
    "updated": 0
  }
]