[
  {
    "id": "0574a4d7-1a8b-4042-9c74-9be36c27a12a",
    "data": [
      {
        "text": "前は",
        "userDefined": false
      }
    ],
    "isTemplate": false,
    "count": 0
  },
  {
    "id": "2896faec-1a86-41aa-a6f5-ca115b5b35ae",
    "data": [
      {
        "text": "その前の満",
        "userDefined": false
      },
      {
        "text": "月",
        "meta": "@sys.ignore",
        "userDefined": false
      },
      {
        "text": "は",
        "userDefined": false
      }
    ],
    "isTemplate": false,
    "count": 0,
    "updated": 1514192271
  },
  {
    "id": "70b5ee7f-04e2-4a93-8d10-a51c93050585",
    "data": [
      {
        "text": "その前は",
        "userDefined": false
      }
    ],
    "isTemplate": false,
    "count": 0,
    "updated": 1514192271
  }
]