[
  {
    "id": "bc27c113-72bf-46d0-a712-3f1381580013",
    "data": [
      {
        "text": "月",
        "meta": "@sys.ignore",
        "userDefined": false
      },
      {
        "text": "の直径",
        "userDefined": false
      }
    ],
    "isTemplate": false,
    "count": 0,
    "updated": 0
  },
  {
    "id": "7b189858-4f16-448b-a296-4e01fed8383e",
    "data": [
      {
        "text": "次は直径何キロでありますか",
        "userDefined": false
      }
    ],
    "isTemplate": false,
    "count": 0,
    "updated": 0
  },
  {
    "id": "bebc5a0a-1a6c-4975-808f-3b0927cf26b4",
    "data": [
      {
        "text": "満月の半径 教えて",
        "userDefined": false
      }
    ],
    "isTemplate": false,
    "count": 0,
    "updated": 0
  }
]