[
  {
    "id": "dbe7931a-4683-44d0-9b80-e6461a004f37",
    "data": [
      {
        "text": "月の大きさは何",
        "userDefined": false
      }
    ],
    "isTemplate": false,
    "count": 0,
    "updated": 0
  },
  {
    "id": "fa051d0c-1cc6-44b9-9a25-28b23c2310db",
    "data": [
      {
        "text": "満月の大きさ",
        "userDefined": false
      }
    ],
    "isTemplate": false,
    "count": 0,
    "updated": 0
  },
  {
    "id": "abe772ed-5a0a-4254-899c-22acf4618307",
    "data": [
      {
        "text": "1月の大きさは",
        "userDefined": false
      }
    ],
    "isTemplate": false,
    "count": 0,
    "updated": 0
  },
  {
    "id": "1267f420-66ce-4c6d-a37f-342c62b12172",
    "data": [
      {
        "text": "月",
        "meta": "@sys.ignore",
        "userDefined": false
      },
      {
        "text": "の面積は",
        "userDefined": false
      }
    ],
    "isTemplate": false,
    "count": 0,
    "updated": 0
  },
  {
    "id": "78e1e3fb-56f5-465b-a1ac-0799e954c0fb",
    "data": [
      {
        "text": "月の大きさ",
        "userDefined": false
      }
    ],
    "isTemplate": false,
    "count": 0,
    "updated": 0
  },
  {
    "id": "1c3bb589-9cd3-4fbe-9e57-c056e13ad784",
    "data": [
      {
        "text": "月",
        "meta": "@sys.ignore",
        "userDefined": false
      },
      {
        "text": "の大きさ",
        "userDefined": false
      }
    ],
    "isTemplate": false,
    "count": 0,
    "updated": 0
  },
  {
    "id": "247f50c1-a597-4f49-8c9f-73086630f3e8",
    "data": [
      {
        "text": "大きさは",
        "userDefined": false
      }
    ],
    "isTemplate": false,
    "count": 0,
    "updated": 0
  },
  {
    "id": "b6795fd8-d868-4cf7-b321-35f41ee3e989",
    "data": [
      {
        "text": "大きさは",
        "userDefined": false
      }
    ],
    "isTemplate": false,
    "count": 0,
    "updated": 0
  }
]