[
  {
    "id": "f07c437f-ddf4-4f66-9ec1-88d48734dc55",
    "data": [
      {
        "text": "す─ぱ─む─ん",
        "userDefined": false
      }
    ],
    "isTemplate": false,
    "count": 0,
    "updated": 0
  },
  {
    "id": "9f48ffbe-b2b9-4a83-ad93-01c2a3c1ba6e",
    "data": [
      {
        "text": "スーパームーンについて教えて",
        "userDefined": false
      }
    ],
    "isTemplate": false,
    "count": 0,
    "updated": 0
  },
  {
    "id": "b02583c3-1992-4db8-860f-6b1934f7ae94",
    "data": [
      {
        "text": "スーパームーンって何ですか",
        "userDefined": false
      }
    ],
    "isTemplate": false,
    "count": 0,
    "updated": 0
  }
]