[
  {
    "id": "1760b145-dc2c-4ec0-87c6-c73abfc5dd91",
    "data": [
      {
        "text": "満月はいつですか",
        "userDefined": false
      }
    ],
    "isTemplate": false,
    "count": 0,
    "updated": 0
  },
  {
    "id": "e38f0bbb-f88c-4661-992f-499b03e4d55e",
    "data": [
      {
        "text": "満月って何",
        "userDefined": false
      }
    ],
    "isTemplate": false,
    "count": 0,
    "updated": 0
  },
  {
    "id": "64282fd2-3f8d-41ed-aafa-806a7535903b",
    "data": [
      {
        "text": "満月って何",
        "userDefined": false
      }
    ],
    "isTemplate": false,
    "count": 0,
    "updated": 0
  },
  {
    "id": "b8ab02f1-a810-4854-94bd-f0baf496e7ae",
    "data": [
      {
        "text": "福井 満月は",
        "userDefined": false
      }
    ],
    "isTemplate": false,
    "count": 0,
    "updated": 0
  },
  {
    "id": "7596d785-0ddb-4575-ab38-e70dc92fd442",
    "data": [
      {
        "text": "満",
        "userDefined": false
      },
      {
        "text": "月",
        "meta": "@sys.ignore",
        "userDefined": false
      },
      {
        "text": "はどうやってできるの",
        "userDefined": false
      }
    ],
    "isTemplate": false,
    "count": 0,
    "updated": 0
  },
  {
    "id": "3b27ae0a-f7d0-44a7-a17d-d7082468d6f6",
    "data": [
      {
        "text": "満",
        "userDefined": false
      },
      {
        "text": "月",
        "meta": "@sys.ignore",
        "userDefined": false
      },
      {
        "text": "はどうしてなるの",
        "userDefined": false
      }
    ],
    "isTemplate": false,
    "count": 0,
    "updated": 0
  },
  {
    "id": "bfc74f85-bb1e-450d-b802-f30865910c81",
    "data": [
      {
        "text": "満",
        "userDefined": false
      },
      {
        "text": "月",
        "meta": "@sys.ignore",
        "userDefined": false
      },
      {
        "text": "とは",
        "userDefined": false
      }
    ],
    "isTemplate": false,
    "count": 0
  },
  {
    "id": "83280f83-a5b5-4671-940e-ea4ad5125892",
    "data": [
      {
        "text": "満月ってなに",
        "userDefined": false
      }
    ],
    "isTemplate": false,
    "count": 0
  }
]