[
  {
    "id": "de60527c-5443-4cbe-811d-ebe1b3e4bbcb",
    "data": [
      {
        "text": "新",
        "userDefined": false
      },
      {
        "text": "月",
        "meta": "@sys.ignore",
        "userDefined": false
      }
    ],
    "isTemplate": false,
    "count": 0,
    "updated": 0
  },
  {
    "id": "5b438534-49c3-4273-93f2-2bf0c38c9ad1",
    "data": [
      {
        "text": "新月",
        "userDefined": false
      }
    ],
    "isTemplate": false,
    "count": 0,
    "updated": 0
  }
]