[
  {
    "id": "207efe0f-3f77-45fe-bbdf-d91c7c58e7e9",
    "data": [
      {
        "text": "2016年の12月",
        "alias": "date-period",
        "meta": "@sys.date-period",
        "userDefined": false
      }
    ],
    "isTemplate": false,
    "count": 0,
    "updated": 0
  },
  {
    "id": "01d646da-a9f8-49f3-ba19-83ba3f9bbbdb",
    "data": [
      {
        "text": "1",
        "alias": "date-period",
        "meta": "@sys.date-period",
        "userDefined": false
      },
      {
        "text": "時 月",
        "userDefined": false
      }
    ],
    "isTemplate": false,
    "count": 0,
    "updated": 0
  },
  {
    "id": "527225ca-978a-4c33-8ee6-5d826e07506d",
    "data": [
      {
        "text": "7がつ14にち",
        "alias": "date",
        "meta": "@sys.date",
        "userDefined": false
      }
    ],
    "isTemplate": false,
    "count": 0,
    "updated": 0
  },
  {
    "id": "fc51f9e7-0f55-4cb5-8dab-ebb82e060c69",
    "data": [
      {
        "text": "今月",
        "alias": "date-period",
        "meta": "@sys.date-period",
        "userDefined": true
      },
      {
        "text": "の",
        "userDefined": false
      }
    ],
    "isTemplate": false,
    "count": 0,
    "updated": 0
  },
  {
    "id": "ce4ca28c-2bb9-40d4-8939-688bffa80922",
    "data": [
      {
        "text": "3日後",
        "alias": "date",
        "meta": "@sys.date",
        "userDefined": false
      }
    ],
    "isTemplate": false,
    "count": 0,
    "updated": 0
  },
  {
    "id": "411acbff-dd7a-4aa7-a4c6-2b6867cbe8c6",
    "data": [
      {
        "text": "4日後",
        "alias": "date",
        "meta": "@sys.date",
        "userDefined": false
      }
    ],
    "isTemplate": false,
    "count": 0,
    "updated": 0
  },
  {
    "id": "ea3d69ca-1781-44dc-89f7-dcd3f7f828c1",
    "data": [
      {
        "text": "2018年の",
        "alias": "date-period",
        "meta": "@sys.date-period",
        "userDefined": false
      }
    ],
    "isTemplate": false,
    "count": 0,
    "updated": 0
  },
  {
    "id": "a1810de8-00df-439f-bb44-0cd9bc30be2c",
    "data": [
      {
        "text": "明日",
        "alias": "date",
        "meta": "@sys.date",
        "userDefined": false
      },
      {
        "text": "の月は 何",
        "userDefined": false
      }
    ],
    "isTemplate": false,
    "count": 0,
    "updated": 0
  },
  {
    "id": "7f8dea73-2c92-4e54-800c-51615db64afe",
    "data": [
      {
        "text": "明日",
        "alias": "date",
        "meta": "@sys.date",
        "userDefined": false
      },
      {
        "text": "の月は 何",
        "userDefined": false
      }
    ],
    "isTemplate": false,
    "count": 0,
    "updated": 0
  },
  {
    "id": "6e5e4589-bdc1-4a82-b155-df3700bd43f8",
    "data": [
      {
        "text": "4月2日",
        "alias": "date",
        "meta": "@sys.date",
        "userDefined": false
      },
      {
        "text": "の月の状態",
        "userDefined": false
      }
    ],
    "isTemplate": false,
    "count": 0,
    "updated": 0
  },
  {
    "id": "5c5d1370-8ea7-4a62-9a5a-1cae62c86f47",
    "data": [
      {
        "text": "明日",
        "alias": "date-period",
        "meta": "@sys.date-period",
        "userDefined": false
      },
      {
        "text": "の月",
        "userDefined": false
      }
    ],
    "isTemplate": false,
    "count": 0,
    "updated": 0
  },
  {
    "id": "9ffd9f6f-abfa-43f5-9be7-d37d18eaada7",
    "data": [
      {
        "text": "来年",
        "alias": "date-period",
        "meta": "@sys.date-period",
        "userDefined": true
      }
    ],
    "isTemplate": false,
    "count": 0,
    "updated": 0
  },
  {
    "id": "e97521a6-5c1c-4a07-af9c-f0f9f742fe2a",
    "data": [
      {
        "text": "じゃあ ",
        "userDefined": false
      },
      {
        "text": "明日",
        "alias": "date",
        "meta": "@sys.date",
        "userDefined": false
      }
    ],
    "isTemplate": false,
    "count": 0,
    "updated": 0
  },
  {
    "id": "7d9eb903-216a-4afd-ab8f-96ece1346b7f",
    "data": [
      {
        "text": "1月31日 花",
        "userDefined": false
      }
    ],
    "isTemplate": false,
    "count": 0,
    "updated": 0
  },
  {
    "id": "7ea6b585-65e4-4db8-af95-f72e7e8a0ac2",
    "data": [
      {
        "text": "今年",
        "alias": "date-period",
        "meta": "@sys.date-period",
        "userDefined": false
      },
      {
        "text": "の満",
        "userDefined": false
      },
      {
        "text": "月",
        "meta": "@sys.ignore",
        "userDefined": false
      },
      {
        "text": "でいつだったの",
        "userDefined": false
      }
    ],
    "isTemplate": false,
    "count": 0,
    "updated": 0
  },
  {
    "id": "9582e02c-5dd9-4bc8-a27c-bea9a9ab62be",
    "data": [
      {
        "text": "1月31日",
        "alias": "date",
        "meta": "@sys.date",
        "userDefined": false
      },
      {
        "text": " 花",
        "userDefined": false
      }
    ],
    "isTemplate": false,
    "count": 0,
    "updated": 0
  },
  {
    "id": "1631de3c-26c1-4fae-9477-082852b6b3c9",
    "data": [
      {
        "text": "1年前",
        "alias": "date",
        "meta": "@sys.date",
        "userDefined": false
      }
    ],
    "isTemplate": false,
    "count": 0
  },
  {
    "id": "86092a95-fc82-425c-9280-28bd63163a5d",
    "data": [
      {
        "text": "大晦日",
        "alias": "date",
        "meta": "@sys.date",
        "userDefined": false
      }
    ],
    "isTemplate": false,
    "count": 0,
    "updated": 0
  },
  {
    "id": "9f915273-1c49-43ce-9273-f816efc10699",
    "data": [
      {
        "text": "来年",
        "userDefined": false
      }
    ],
    "isTemplate": false,
    "count": 0,
    "updated": 0
  },
  {
    "id": "5662e361-0ebf-4b28-8399-27487d4640bb",
    "data": [
      {
        "text": "今",
        "userDefined": false
      },
      {
        "text": "12月28日",
        "alias": "date",
        "meta": "@sys.date",
        "userDefined": false
      }
    ],
    "isTemplate": false,
    "count": 0,
    "updated": 0
  },
  {
    "id": "ffcab82f-3c20-41f2-90b6-3dd0b7df400a",
    "data": [
      {
        "text": "2月",
        "alias": "date-period",
        "meta": "@sys.date-period",
        "userDefined": false
      },
      {
        "text": "の満月は何日",
        "userDefined": false
      }
    ],
    "isTemplate": false,
    "count": 0,
    "updated": 0
  },
  {
    "id": "ba10bb20-5657-401a-a4d2-b3a4df5d0a0d",
    "data": [
      {
        "text": "昨年",
        "alias": "date-period",
        "meta": "@sys.date-period",
        "userDefined": false
      }
    ],
    "isTemplate": false,
    "count": 0,
    "updated": 0
  },
  {
    "id": "8278b3fa-b082-4058-848e-453953b7ace9",
    "data": [
      {
        "text": "12月29日",
        "alias": "date-period",
        "meta": "@sys.date-period",
        "userDefined": false
      },
      {
        "text": " 曜日",
        "userDefined": false
      }
    ],
    "isTemplate": false,
    "count": 0,
    "updated": 0
  },
  {
    "id": "43f8320c-d142-4297-9c65-5e981c76e806",
    "data": [
      {
        "text": "お正月",
        "alias": "date",
        "meta": "@sys.date",
        "userDefined": false
      }
    ],
    "isTemplate": false,
    "count": 0,
    "updated": 0
  },
  {
    "id": "96fe5ea6-7231-439c-a8ed-3472049d1711",
    "data": [
      {
        "text": "1がつ2にち",
        "alias": "date",
        "meta": "@sys.date",
        "userDefined": false
      }
    ],
    "isTemplate": false,
    "count": 0,
    "updated": 0
  },
  {
    "id": "4f2d9a92-f577-4acf-a8fe-ea3500e47354",
    "data": [
      {
        "text": "2017年12月28日",
        "alias": "date",
        "meta": "@sys.date",
        "userDefined": false
      }
    ],
    "isTemplate": false,
    "count": 0,
    "updated": 0
  },
  {
    "id": "9662032c-b5b6-44b5-8f88-b783c11178f8",
    "data": [
      {
        "text": "来週の 月曜",
        "alias": "date-period",
        "meta": "@sys.date-period",
        "userDefined": true
      }
    ],
    "isTemplate": false,
    "count": 0,
    "updated": 0
  },
  {
    "id": "fa23d436-442f-40c7-8410-d676d8dfc501",
    "data": [
      {
        "text": "去年の3月",
        "alias": "date-period",
        "meta": "@sys.date-period",
        "userDefined": false
      }
    ],
    "isTemplate": false,
    "count": 0,
    "updated": 0
  },
  {
    "id": "e5500a8b-87f1-4381-b9e5-5b64c53b3626",
    "data": [
      {
        "text": "今日",
        "alias": "date",
        "meta": "@sys.date",
        "userDefined": true
      }
    ],
    "isTemplate": false,
    "count": 0,
    "updated": 0
  },
  {
    "id": "984e1106-c080-4019-b28a-55ccebeb23e8",
    "data": [
      {
        "text": "今日",
        "alias": "date",
        "meta": "@sys.date",
        "userDefined": true
      }
    ],
    "isTemplate": false,
    "count": 0,
    "updated": 0
  },
  {
    "id": "251279ba-d6a9-41c6-8013-492cad311771",
    "data": [
      {
        "text": "10月9日",
        "alias": "date",
        "meta": "@sys.date",
        "userDefined": false
      }
    ],
    "isTemplate": false,
    "count": 0,
    "updated": 0
  },
  {
    "id": "95ec388e-c17a-4aeb-b017-af73e3dddadc",
    "data": [
      {
        "text": "1999年2月",
        "alias": "date-period",
        "meta": "@sys.date-period",
        "userDefined": false
      }
    ],
    "isTemplate": false,
    "count": 0,
    "updated": 0
  },
  {
    "id": "1756647d-efb0-4e14-94e1-2c3bebba5852",
    "data": [
      {
        "text": "2019年",
        "alias": "date-period",
        "meta": "@sys.date-period",
        "userDefined": false
      }
    ],
    "isTemplate": false,
    "count": 0,
    "updated": 0
  },
  {
    "id": "bdd113e8-defb-4a0b-b605-7ed34f39a8bc",
    "data": [
      {
        "text": "2016年5月26日",
        "alias": "date",
        "meta": "@sys.date",
        "userDefined": true
      }
    ],
    "isTemplate": false,
    "count": 0,
    "updated": 0
  },
  {
    "id": "46355ac0-eda5-421e-b193-a263ac87b9da",
    "data": [
      {
        "text": "明日",
        "alias": "date",
        "meta": "@sys.date",
        "userDefined": true
      }
    ],
    "isTemplate": false,
    "count": 0,
    "updated": 0
  },
  {
    "id": "55e69f0e-2f2b-4f5a-9d38-a5f485906f23",
    "data": [
      {
        "text": "1月下旬",
        "alias": "date-period",
        "meta": "@sys.date-period",
        "userDefined": false
      }
    ],
    "isTemplate": false,
    "count": 0,
    "updated": 0
  },
  {
    "id": "a5a7da4b-55e8-426b-847e-0c98eb7cafa5",
    "data": [
      {
        "text": "今日",
        "alias": "date",
        "meta": "@sys.date",
        "userDefined": false
      }
    ],
    "isTemplate": false,
    "count": 0,
    "updated": 0
  },
  {
    "id": "2b5a113a-3d68-4ea4-8836-662114b17d2c",
    "data": [
      {
        "text": "明日",
        "alias": "date",
        "meta": "@sys.date",
        "userDefined": true
      }
    ],
    "isTemplate": false,
    "count": 0,
    "updated": 0
  },
  {
    "id": "edd2180f-cd81-454d-a9dd-3ab5c405d762",
    "data": [
      {
        "text": "明日",
        "alias": "date",
        "meta": "@sys.date",
        "userDefined": true
      }
    ],
    "isTemplate": false,
    "count": 0,
    "updated": 0
  },
  {
    "id": "43d0489c-c93e-4c5f-91b5-e5608e4331e3",
    "data": [
      {
        "text": "1月20日",
        "alias": "date",
        "meta": "@sys.date",
        "userDefined": false
      }
    ],
    "isTemplate": false,
    "count": 0,
    "updated": 0
  },
  {
    "id": "2468e6ee-1d82-4914-8275-66924b82faff",
    "data": [
      {
        "text": "12月30日",
        "alias": "date",
        "meta": "@sys.date",
        "userDefined": true
      }
    ],
    "isTemplate": false,
    "count": 0,
    "updated": 0
  },
  {
    "id": "3ca91b17-08af-4e4b-8280-03d7d48382d2",
    "data": [
      {
        "text": "2018年12月30日",
        "alias": "date",
        "meta": "@sys.date",
        "userDefined": false
      }
    ],
    "isTemplate": false,
    "count": 0,
    "updated": 0
  },
  {
    "id": "22ce17b1-a746-4f1c-86e0-d3b06e99d5d8",
    "data": [
      {
        "text": "1月3日",
        "alias": "date",
        "meta": "@sys.date",
        "userDefined": false
      }
    ],
    "isTemplate": false,
    "count": 0,
    "updated": 0
  },
  {
    "id": "dd7c9292-0a7e-43b8-97a8-06c498fc5ab6",
    "data": [
      {
        "text": "明日",
        "alias": "date",
        "meta": "@sys.date",
        "userDefined": true
      }
    ],
    "isTemplate": false,
    "count": 0,
    "updated": 0
  },
  {
    "id": "cd043a1d-fe10-48a1-9256-37fc5b6ee0c3",
    "data": [
      {
        "text": "明日",
        "alias": "date",
        "meta": "@sys.date",
        "userDefined": true
      }
    ],
    "isTemplate": false,
    "count": 0,
    "updated": 0
  },
  {
    "id": "c227e80b-5ad8-44dd-9ee8-d6b037f82b93",
    "data": [
      {
        "text": "明日は",
        "alias": "date",
        "meta": "@sys.date",
        "userDefined": false
      }
    ],
    "isTemplate": false,
    "count": 1
  },
  {
    "id": "df4c1cc2-0d5c-4b34-87ba-cec3d5586638",
    "data": [
      {
        "text": "明日",
        "alias": "date",
        "meta": "@sys.date",
        "userDefined": false
      }
    ],
    "isTemplate": false,
    "count": 0
  },
  {
    "id": "fa84db32-0ec7-486b-907c-39acab43de43",
    "data": [
      {
        "text": "今月",
        "alias": "date-period",
        "meta": "@sys.date-period",
        "userDefined": true
      }
    ],
    "isTemplate": false,
    "count": 0,
    "updated": 0
  },
  {
    "id": "781e30a0-2137-4468-86e6-78718a886171",
    "data": [
      {
        "text": "2017年12月",
        "alias": "date-period",
        "meta": "@sys.date-period",
        "userDefined": false
      }
    ],
    "isTemplate": false,
    "count": 0,
    "updated": 0
  },
  {
    "id": "9cdac4de-a9ce-4981-94aa-0ac356f2e79f",
    "data": [
      {
        "text": "2018年1月",
        "alias": "date-period",
        "meta": "@sys.date-period",
        "userDefined": false
      }
    ],
    "isTemplate": false,
    "count": 0,
    "updated": 0
  },
  {
    "id": "4b246c28-7d8e-4ac0-b591-05fcece21c68",
    "data": [
      {
        "text": "今月",
        "alias": "date-period",
        "meta": "@sys.date-period",
        "userDefined": true
      }
    ],
    "isTemplate": false,
    "count": 0,
    "updated": 0
  },
  {
    "id": "f42de3af-bceb-46c1-90c7-5c01e3bf032b",
    "data": [
      {
        "text": "３月",
        "alias": "date-period",
        "meta": "@sys.date-period",
        "userDefined": false
      }
    ],
    "isTemplate": false,
    "count": 0,
    "updated": 0
  },
  {
    "id": "1d459df8-8640-4aff-9fd1-5c48717dc3ff",
    "data": [
      {
        "text": "今月",
        "alias": "date-period",
        "meta": "@sys.date-period",
        "userDefined": true
      }
    ],
    "isTemplate": false,
    "count": 0,
    "updated": 0
  },
  {
    "id": "31fa81c8-2907-47ef-99aa-c8b37fe8f7a8",
    "data": [
      {
        "text": "今年",
        "alias": "date-period",
        "meta": "@sys.date-period",
        "userDefined": true
      }
    ],
    "isTemplate": false,
    "count": 0,
    "updated": 0
  },
  {
    "id": "a916c263-8808-4933-aebe-b7bad533a96d",
    "data": [
      {
        "text": "今年",
        "alias": "date-period",
        "meta": "@sys.date-period",
        "userDefined": true
      }
    ],
    "isTemplate": false,
    "count": 0,
    "updated": 0
  },
  {
    "id": "a9890fd0-7273-49b7-8a2a-28b9bb48195b",
    "data": [
      {
        "text": "12がつ24にち",
        "alias": "date-period",
        "meta": "@sys.date-period",
        "userDefined": true
      }
    ],
    "isTemplate": false,
    "count": 0,
    "updated": 0
  },
  {
    "id": "0c8a097e-a5e8-4504-b336-135324d12d68",
    "data": [
      {
        "text": "今年",
        "alias": "date-period",
        "meta": "@sys.date-period",
        "userDefined": false
      }
    ],
    "isTemplate": false,
    "count": 0,
    "updated": 0
  },
  {
    "id": "5e3c206d-b48d-490f-b19e-adaa367249cf",
    "data": [
      {
        "text": "先月",
        "alias": "date-period",
        "meta": "@sys.date-period",
        "userDefined": false
      }
    ],
    "isTemplate": false,
    "count": 0,
    "updated": 0
  },
  {
    "id": "f12d5600-de98-4d04-88e9-935714ffd8f6",
    "data": [
      {
        "text": "2018年12月",
        "alias": "date-period",
        "meta": "@sys.date-period",
        "userDefined": false
      }
    ],
    "isTemplate": false,
    "count": 0,
    "updated": 0
  },
  {
    "id": "0bc30593-d819-4785-88b1-a80700451f70",
    "data": [
      {
        "text": "2019年10月",
        "alias": "date-period",
        "meta": "@sys.date-period",
        "userDefined": false
      }
    ],
    "isTemplate": false,
    "count": 0,
    "updated": 0
  },
  {
    "id": "9f5a209f-ab8c-4766-bd4d-1720c7c34d83",
    "data": [
      {
        "text": "2019年12月",
        "alias": "date-period",
        "meta": "@sys.date-period",
        "userDefined": false
      }
    ],
    "isTemplate": false,
    "count": 0,
    "updated": 0
  },
  {
    "id": "d1338a3f-f526-40c0-9a39-614a751d383a",
    "data": [
      {
        "text": "2016年12月",
        "alias": "date-period",
        "meta": "@sys.date-period",
        "userDefined": false
      }
    ],
    "isTemplate": false,
    "count": 0,
    "updated": 0
  },
  {
    "id": "342f514e-071a-46f9-9ebe-9b039c885eed",
    "data": [
      {
        "text": "1990年12月",
        "alias": "date-period",
        "meta": "@sys.date-period",
        "userDefined": false
      }
    ],
    "isTemplate": false,
    "count": 0,
    "updated": 0
  },
  {
    "id": "9f95cf86-9c20-4c66-85f0-1306eb9238cb",
    "data": [
      {
        "text": "今月",
        "alias": "date-period",
        "meta": "@sys.date-period",
        "userDefined": false
      }
    ],
    "isTemplate": false,
    "count": 0,
    "updated": 0
  },
  {
    "id": "4963a153-8997-4186-abd2-b7d865a2ac0d",
    "data": [
      {
        "text": "来年1月",
        "alias": "date-period",
        "meta": "@sys.date-period",
        "userDefined": false
      }
    ],
    "isTemplate": false,
    "count": 0,
    "updated": 0
  },
  {
    "id": "f0f4f659-5857-4387-ba07-8c72535a5662",
    "data": [
      {
        "text": "来年1月",
        "alias": "date-period",
        "meta": "@sys.date-period",
        "userDefined": false
      }
    ],
    "isTemplate": false,
    "count": 0,
    "updated": 0
  },
  {
    "id": "2ea61fed-5ff4-4083-afa0-58d87cbda217",
    "data": [
      {
        "text": "2018年4月",
        "alias": "date-period",
        "meta": "@sys.date-period",
        "userDefined": false
      }
    ],
    "isTemplate": false,
    "count": 0,
    "updated": 0
  },
  {
    "id": "2ef18a96-f95f-45c3-9c99-194e2480d8ae",
    "data": [
      {
        "text": "2019年2月",
        "alias": "date-period",
        "meta": "@sys.date-period",
        "userDefined": false
      }
    ],
    "isTemplate": false,
    "count": 0,
    "updated": 0
  },
  {
    "id": "de3d3b42-251a-49bc-99ef-786451d02acb",
    "data": [
      {
        "text": "先月",
        "alias": "date-period",
        "meta": "@sys.date-period",
        "userDefined": false
      },
      {
        "text": "の満月",
        "userDefined": false
      }
    ],
    "isTemplate": false,
    "count": 0,
    "updated": 0
  },
  {
    "id": "2914e5f7-d844-42cf-81b0-8b2625f30138",
    "data": [
      {
        "text": "来年",
        "alias": "date-period",
        "meta": "@sys.date-period",
        "userDefined": false
      }
    ],
    "isTemplate": false,
    "count": 0,
    "updated": 0
  },
  {
    "id": "b5b81f29-7e28-4b12-b9d8-c6f98b09c9d6",
    "data": [
      {
        "text": "来週",
        "alias": "date-period",
        "meta": "@sys.date-period",
        "userDefined": false
      }
    ],
    "isTemplate": false,
    "count": 0,
    "updated": 0
  },
  {
    "id": "892e4fc9-944d-4283-90a6-060be6de0d03",
    "data": [
      {
        "text": "再来週",
        "alias": "date-period",
        "meta": "@sys.date-period",
        "userDefined": false
      }
    ],
    "isTemplate": false,
    "count": 0,
    "updated": 0
  },
  {
    "id": "d76da884-66ec-470f-80ab-3342f7a16abf",
    "data": [
      {
        "text": "来年",
        "alias": "date-period",
        "meta": "@sys.date-period",
        "userDefined": false
      }
    ],
    "isTemplate": false,
    "count": 0,
    "updated": 0
  },
  {
    "id": "16259e0e-8054-4232-986a-1dfb5bc4b0ab",
    "data": [
      {
        "text": "来週",
        "alias": "date-period",
        "meta": "@sys.date-period",
        "userDefined": false
      }
    ],
    "isTemplate": false,
    "count": 0,
    "updated": 0
  },
  {
    "id": "9645368d-0431-492d-a7d0-7423a91af0d2",
    "data": [
      {
        "text": "再来週",
        "alias": "date-period",
        "meta": "@sys.date-period",
        "userDefined": false
      }
    ],
    "isTemplate": false,
    "count": 0,
    "updated": 0
  },
  {
    "id": "6f3505fa-5672-4ea7-a88c-83c55af6e63a",
    "data": [
      {
        "text": "8月",
        "alias": "date-period",
        "meta": "@sys.date-period",
        "userDefined": false
      }
    ],
    "isTemplate": false,
    "count": 0,
    "updated": 0
  },
  {
    "id": "09961267-d25f-4745-9ed7-bbb196ed2c27",
    "data": [
      {
        "text": "8月",
        "alias": "date-period",
        "meta": "@sys.date-period",
        "userDefined": false
      }
    ],
    "isTemplate": false,
    "count": 0,
    "updated": 0
  },
  {
    "id": "2d7ff460-0837-4bfb-955f-0e763dd84113",
    "data": [
      {
        "text": "来月",
        "alias": "date-period",
        "meta": "@sys.date-period",
        "userDefined": false
      },
      {
        "text": "満月ある",
        "userDefined": false
      }
    ],
    "isTemplate": false,
    "count": 0
  }
]