[
  {
    "id": "c9741940-cd64-4a47-9e4a-50ab2dcef204",
    "data": [
      {
        "text": "もう",
        "userDefined": false
      },
      {
        "text": "1",
        "meta": "@sys.ignore",
        "userDefined": false
      },
      {
        "text": "回",
        "userDefined": false
      }
    ],
    "isTemplate": false,
    "count": 0,
    "updated": 0
  },
  {
    "id": "842bd687-3471-4c00-a542-059b83854316",
    "data": [
      {
        "text": "もう一回言って",
        "userDefined": false
      }
    ],
    "isTemplate": false,
    "count": 1,
    "updated": 1497437553
  },
  {
    "id": "36187cbc-2a0f-481a-aa5f-85c19e9caa9c",
    "data": [
      {
        "text": "もう一度言って",
        "userDefined": false
      }
    ],
    "isTemplate": false,
    "count": 1,
    "updated": 1497437553
  },
  {
    "id": "e4c8d6f9-764b-4365-bcd7-8aae798ec5fe",
    "data": [
      {
        "text": "なんて言ったの",
        "userDefined": false
      }
    ],
    "isTemplate": false,
    "count": 0,
    "updated": 1497462083
  },
  {
    "id": "a65d891b-9cb4-498d-a922-d3e59e9082db",
    "data": [
      {
        "text": "もう",
        "userDefined": false
      },
      {
        "text": "一",
        "meta": "@sys.ignore",
        "userDefined": false
      },
      {
        "text": "度お願いします",
        "userDefined": false
      }
    ],
    "isTemplate": false,
    "count": 0,
    "updated": 1497462583
  },
  {
    "id": "57f9b066-5584-4e1b-a4ba-b02e1a8a947d",
    "data": [
      {
        "text": "それをもう",
        "userDefined": false
      },
      {
        "text": "一",
        "meta": "@sys.ignore",
        "userDefined": false
      },
      {
        "text": "度言って下さい",
        "userDefined": false
      }
    ],
    "isTemplate": false,
    "count": 1,
    "updated": 1497462583
  },
  {
    "id": "ff32243e-675c-412a-8a7a-0298e0373b79",
    "data": [
      {
        "text": "もう一度",
        "userDefined": false
      }
    ],
    "isTemplate": false,
    "count": 1,
    "updated": 1497437553
  },
  {
    "id": "6d2bfe75-dcd2-4368-84ef-c3365558cb3b",
    "data": [
      {
        "text": "もう一回",
        "userDefined": false
      }
    ],
    "isTemplate": false,
    "count": 2,
    "updated": 1497437553
  },
  {
    "id": "4e2c74e3-de64-4dcf-ba2d-4d147fcb9db2",
    "data": [
      {
        "text": "なんて",
        "userDefined": false
      }
    ],
    "isTemplate": false,
    "count": 1,
    "updated": 1497462083
  },
  {
    "id": "0fe21d8a-06b5-4cb7-8e57-13b3bb30cc3a",
    "data": [
      {
        "text": "何",
        "userDefined": false
      }
    ],
    "isTemplate": false,
    "count": 1,
    "updated": 1497462083
  },
  {
    "id": "8b4c7e34-2d50-4713-a3c9-e855177b4fc8",
    "data": [
      {
        "text": "今のもう一回",
        "userDefined": false
      }
    ],
    "isTemplate": false,
    "count": 0,
    "updated": 1497437553
  }
]