[
  {
    "id": "dc1d21a9-2859-496e-aa56-2f8abfb6402e",
    "data": [
      {
        "text": "お前",
        "userDefined": false
      }
    ],
    "isTemplate": false,
    "count": 0,
    "updated": 0
  },
  {
    "id": "c50c3bff-f966-47d3-bd82-58f9c34c0270",
    "data": [
      {
        "text": "お前は誰だ",
        "userDefined": false
      }
    ],
    "isTemplate": false,
    "count": 0,
    "updated": 0
  },
  {
    "id": "5c377e35-dd78-4e24-8957-2aaf03527998",
    "data": [
      {
        "text": "初めまして",
        "userDefined": false
      }
    ],
    "isTemplate": false,
    "count": 0,
    "updated": 0
  },
  {
    "id": "fa3f0b10-9e90-46dc-b5fe-7bcd6a2b0c21",
    "data": [
      {
        "text": "お前について知りたいんじゃ",
        "userDefined": false
      }
    ],
    "isTemplate": false,
    "count": 0,
    "updated": 0
  },
  {
    "id": "2f4b8c36-dfed-437c-8231-29ebd5ed633c",
    "data": [
      {
        "text": "Ok Google 君 誰",
        "userDefined": false
      }
    ],
    "isTemplate": false,
    "count": 0,
    "updated": 0
  },
  {
    "id": "71ad8e7d-02cc-403c-9236-a5ddf4876312",
    "data": [
      {
        "text": "あなたはだあれ",
        "userDefined": false
      }
    ],
    "isTemplate": false,
    "count": 0,
    "updated": 0
  },
  {
    "id": "aac515dc-bfc1-45b0-94f9-ec449994d0a4",
    "data": [
      {
        "text": "あなたはだあれ",
        "userDefined": false
      }
    ],
    "isTemplate": false,
    "count": 0,
    "updated": 0
  },
  {
    "id": "156095d5-e527-4d16-8e22-e560b91e0c4d",
    "data": [
      {
        "text": "あなたは誰",
        "userDefined": false
      }
    ],
    "isTemplate": false,
    "count": 0,
    "updated": 0
  },
  {
    "id": "d34b2e68-d3ed-437a-a519-b67299c7cc7e",
    "data": [
      {
        "text": "あなたはだあれ",
        "userDefined": false
      }
    ],
    "isTemplate": false,
    "count": 0,
    "updated": 0
  },
  {
    "id": "dd52adb2-c9e6-415b-9140-d703634bcb63",
    "data": [
      {
        "text": "あなたはだあれ",
        "userDefined": false
      }
    ],
    "isTemplate": false,
    "count": 0,
    "updated": 0
  },
  {
    "id": "7736c17d-5282-40c8-9507-68da70457b61",
    "data": [
      {
        "text": "あなたは誰",
        "userDefined": false
      }
    ],
    "isTemplate": false,
    "count": 0,
    "updated": 0
  }
]