[
  {
    "id": "20437d4e-b9dc-4f41-9f71-4a3d6500f555",
    "data": [
      {
        "text": "どうして 満",
        "userDefined": false
      },
      {
        "text": "月",
        "meta": "@sys.ignore",
        "userDefined": false
      },
      {
        "text": "になるの",
        "userDefined": false
      }
    ],
    "isTemplate": false,
    "count": 0,
    "updated": 0
  },
  {
    "id": "a71a34e8-f93e-46dc-b563-629fd90349a3",
    "data": [
      {
        "text": "今日",
        "meta": "@sys.ignore",
        "userDefined": false
      },
      {
        "text": " 満",
        "userDefined": false
      },
      {
        "text": "月",
        "meta": "@sys.ignore",
        "userDefined": false
      },
      {
        "text": "の形が何で変わるの",
        "userDefined": false
      }
    ],
    "isTemplate": false,
    "count": 0,
    "updated": 0
  },
  {
    "id": "04e3c14d-694f-429c-ad78-988f17ac5ad6",
    "data": [
      {
        "text": "月",
        "meta": "@sys.ignore",
        "userDefined": false
      },
      {
        "text": "はどうしてかけるの",
        "userDefined": false
      }
    ],
    "isTemplate": false,
    "count": 0,
    "updated": 0
  },
  {
    "id": "e0d5c6ad-0f8f-4f8e-89ff-ce25758d2cf8",
    "data": [
      {
        "text": "月",
        "meta": "@sys.ignore",
        "userDefined": false
      },
      {
        "text": "はどうしてかけるの",
        "userDefined": false
      }
    ],
    "isTemplate": false,
    "count": 0,
    "updated": 0
  },
  {
    "id": "021a9b70-5067-4617-bbfc-fbb397876a0e",
    "data": [
      {
        "text": "なんで月は欠ける",
        "userDefined": false
      }
    ],
    "isTemplate": false,
    "count": 0,
    "updated": 0
  },
  {
    "id": "bd74dce8-fd82-4b70-9952-75ceb20e98f8",
    "data": [
      {
        "text": "月は欠けるのはなぜ",
        "userDefined": false
      }
    ],
    "isTemplate": false,
    "count": 0,
    "updated": 0
  }
]