[
  {
    "id": "65390c89-2269-4493-8bd1-61bd8cdbb34b",
    "data": [
      {
        "text": "月に代わって",
        "userDefined": false
      }
    ],
    "isTemplate": false,
    "count": 0
  },
  {
    "id": "fbde726d-e9a3-41d4-91c5-365f2df40528",
    "data": [
      {
        "text": "月にかわって",
        "userDefined": false
      }
    ],
    "isTemplate": false,
    "count": 0
  },
  {
    "id": "cf7de45e-e5ea-4f5c-8f94-3de978c98b58",
    "data": [
      {
        "text": "月",
        "meta": "@sys.ignore",
        "userDefined": false
      },
      {
        "text": "に変わって",
        "userDefined": false
      }
    ],
    "isTemplate": false,
    "count": 0,
    "updated": 1514013706
  }
]